{"cameras":
[{"pos z":5.658595772444249,
"pos x":0.4439575200052075,
"pos y":25.55057771813111,
"horLook":-1.5888888888888835,
"renderWidth":1536.0,
"renderHeight":864.0,
"zoom":2000.0,
"fov":60.0,
"vertLook":-0.020606969192348012},
{"pos z":5.0,
"pos x":0.0,
"pos y":25.0,
"horLook":4.71238898038,
"renderWidth":128.0,
"renderHeight":128.0,
"zoom":1000.0,
"fov":60.0,
"vertLook":0.0}]}